{
  "project_info": {
    "project_number": "1060035140153",
    "firebase_url": "https://project-ba409.firebaseio.com",
    "project_id": "project-ba409",
    "storage_bucket": "project-ba409.appspot.com"
  },
  "client": [
    {
      "client_info": {
        "mobilesdk_app_id": "1:1060035140153:android:95824c183bcfb199",
        "android_client_info": {
          "package_name": "com.example.song.node_and"
        }
      },
      "oauth_client": [
        {
          "client_id": "1060035140153-ikukkcc7r50jq7u7bc39tbjoh94ifq3f.apps.googleusercontent.com",
          "client_type": 3
        }
      ],
      "api_key": [
        {
          "current_key": "AIzaSyDUEmtqsbA_ilJjO2Rozs3Ds4sBYtf83pE"
        }
      ],
      "services": {
        "analytics_service": {
          "status": 1
        },
        "appinvite_service": {
          "status": 1,
          "other_platform_oauth_client": []
        },
        "ads_service": {
          "status": 2
        }
      }
    },
    {
      "client_info": {
        "mobilesdk_app_id": "1:1060035140153:android:3f105d83999526a5",
        "android_client_info": {
          "package_name": "com.example.song.push"
        }
      },
      "oauth_client": [
        {
          "client_id": "1060035140153-ikukkcc7r50jq7u7bc39tbjoh94ifq3f.apps.googleusercontent.com",
          "client_type": 3
        }
      ],
      "api_key": [
        {
          "current_key": "AIzaSyDUEmtqsbA_ilJjO2Rozs3Ds4sBYtf83pE"
        }
      ],
      "services": {
        "analytics_service": {
          "status": 1
        },
        "appinvite_service": {
          "status": 1,
          "other_platform_oauth_client": []
        },
        "ads_service": {
          "status": 2
        }
      }
    }
  ],
  "configuration_version": "1"
}